{"accuracy": 0.7903107822393478, "f1_harassment": 0.5708562844266399, "loss": 0.4730950855001249, "mcc": 0.45240116076362086, "f1_not_harassment": 0.8612595110895256}