{"loss": 0.4428537130822522, "accuracy": 0.8115977873013485, "mcc": 0.5056305498300393, "f1_not_harassment": 0.8757663762504033, "f1_harassment": 0.6103238866396761}