{"accuracy": 0.7024712501745922, "f1_not_harassment": 0.7881533101045296, "loss": 0.5971304076150195, "f1_harassment": 0.5004108463434674, "mcc": 0.36038193325410706}