{"f1_harassment": 0.6020245071923283, "mcc": 0.49403948074510695, "loss": 0.5014704064588428, "f1_not_harassment": 0.8813720819437828, "accuracy": 0.8172253830992332}