{"mcc": 0.16598920932835812, "f1_harassment": 0.3792294807370184, "accuracy": 0.5466112288397333, "loss": 0.6586493948633583, "f1_not_harassment": 0.6428984390055889}