{"accuracy": 0.7996085537130394, "mcc": 0.4905022245719901, "loss": 0.49366261505806447, "f1_not_harassment": 0.8665036674816626, "f1_harassment": 0.5983325159391858}