{"mcc": 0.4645046150229337, "f1_harassment": 0.5767996331957816, "accuracy": 0.7741620317921827, "f1_not_harassment": 0.8459869848156183, "loss": 0.49002109719921155}