{"loss": 0.49939163856469015, "accuracy": 0.7670662970131057, "f1_harassment": 0.5563839701770736, "mcc": 0.43445728679493173, "f1_not_harassment": 0.8420703384207034}