{"mcc": 0.49575780403185277, "accuracy": 0.8350868846228515, "f1_not_harassment": 0.8962118878965198, "loss": 0.6049213555700947, "f1_harassment": 0.5988095238095238}