{"f1_harassment": 0.6084033613445379, "mcc": 0.5040577468426968, "accuracy": 0.8289699295578068, "loss": 0.5906436699131516, "f1_not_harassment": 0.8905932070746595}