{"mcc": 0.43569461144151445, "loss": 0.5206882654818458, "accuracy": 0.7655982606009046, "f1_not_harassment": 0.8406520292747839, "f1_harassment": 0.5568917668825162}