{"f1_not_harassment": 0.8811944091486658, "loss": 0.44261987615629195, "accuracy": 0.8169806987404502, "f1_harassment": 0.6017039403620873, "mcc": 0.4936705788919679}