{"accuracy": 0.8309273941609631, "mcc": 0.46514099278513016, "f1_not_harassment": 0.8947448591012949, "f1_harassment": 0.5705407085146054, "loss": 1.0075406889358942}