{"f1_harassment": 0.5382912793271359, "accuracy": 0.7448006106496353, "loss": 0.5255840073770551, "f1_not_harassment": 0.8236686390532545, "mcc": 0.4116689204907166}