{"accuracy": 0.7763641151700534, "f1_harassment": 0.5336734693877552, "mcc": 0.40261836593880873, "loss": 0.5120889492276423, "f1_not_harassment": 0.8529127775989702}