{"mcc": 0.4906371427261949, "accuracy": 0.8069489194881896, "loss": 0.5147074068091392, "f1_not_harassment": 0.8728444802578567, "f1_harassment": 0.5992889791772472}