{"loss": 0.42692540559378994, "mcc": 0.47778322131849016, "accuracy": 0.8123317825377119, "f1_harassment": 0.5896201177100052, "f1_not_harassment": 0.8783505154639175}