{"loss": 0.47485051708989134, "f1_harassment": 0.5666991236611489, "f1_not_harassment": 0.8545751633986929, "mcc": 0.4473910001326459, "accuracy": 0.78223634829345}