{"mcc": 0.4869146239416273, "accuracy": 0.8223635908558049, "f1_not_harassment": 0.8862068965517241, "f1_harassment": 0.5953177257525084, "loss": 0.4179989559480664}