{"f1_not_harassment": 0.8838709677419356, "mcc": 0.5374916624929551, "accuracy": 0.8238316576463948, "f1_harassment": 0.635258358662614, "loss": 0.43280976325280807}