{"loss": 0.38540723009100164, "accuracy": 0.8409591219901805, "f1_harassment": 0.6272935779816514, "f1_not_harassment": 0.8989113530326593, "mcc": 0.5273799528286922}