{"f1_harassment": 0.6044492674986436, "f1_not_harassment": 0.8848523140104249, "mcc": 0.4973147943021617, "accuracy": 0.8216295459318896, "loss": 0.4243402536133551}