{"accuracy": 0.8169807204122149, "mcc": 0.48448312333606114, "f1_not_harassment": 0.8818325434439178, "loss": 0.5723368342184688, "f1_harassment": 0.5943600867678959}