{"loss": 0.6441639111536127, "mcc": 0.4839756078990771, "f1_harassment": 0.5945378151260503, "accuracy": 0.8111083963432434, "f1_not_harassment": 0.8768740031897927}