{"loss": 0.6059282755905808, "accuracy": 0.7069161004490323, "f1_harassment": 0.22720478325859492, "mcc": 0.15125974921547636, "f1_not_harassment": 0.819167541098286}