{"accuracy": 0.8607780698140851, "f1_not_harassment": 0.9122861106829043, "mcc": 0.5740877556164982, "loss": 0.6676075102094627, "f1_harassment": 0.6627148784825133}