{"f1_harassment": 0.660704304080492, "loss": 0.4689161522058277, "accuracy": 0.8514803019280477, "mcc": 0.5694496960782293, "f1_not_harassment": 0.9049334377447142}