{"f1_not_harassment": 0.8641277232662564, "accuracy": 0.800097870730467, "mcc": 0.5271821300441489, "loss": 0.43835542358481744, "f1_harassment": 0.6219342896807034}