{"f1_harassment": 0.6800210859251449, "f1_not_harassment": 0.9032977537039988, "mcc": 0.5954563007805089, "accuracy": 0.851480294140213, "loss": 0.34701977508675363}