{"f1_harassment": 0.6707692307692308, "mcc": 0.5850908481202617, "f1_not_harassment": 0.8968508997429305, "accuracy": 0.842916563842359, "loss": 0.3651810805138965}