{"f1_harassment": 0.6335917312661499, "accuracy": 0.8265231188276387, "f1_not_harassment": 0.886359993588716, "mcc": 0.5359097985787294, "loss": 0.3929288708947823}