{"loss": 0.4311883124696733, "mcc": 0.5070542653615591, "f1_harassment": 0.6118355065195586, "f1_not_harassment": 0.874757281553398, "accuracy": 0.8106190365948127}