{"f1_not_harassment": 0.8565891472868217, "accuracy": 0.7827257104774019, "loss": 0.49976512662116607, "f1_harassment": 0.55196770938446, "mcc": 0.42764002084732056}