{"f1_not_harassment": 0.8972169512966477, "accuracy": 0.840959132767727, "loss": 0.389236497126496, "f1_harassment": 0.6486486486486486, "mcc": 0.5536840416004292}