{"f1_harassment": 0.5475409836065573, "mcc": 0.42227435880574204, "f1_not_harassment": 0.8694829760403531, "loss": 0.45678578876095643, "accuracy": 0.7974064065595113}