{"loss": 0.5414101796305381, "accuracy": 0.760215311506018, "f1_not_harassment": 0.8384970336189848, "mcc": 0.4018386025314434, "f1_harassment": 0.5346628679962013}