{"accuracy": 0.6168338641258158, "loss": 0.6782922592348594, "f1_not_harassment": 0.7013729977116705, "mcc": 0.32174311300813935, "f1_harassment": 0.4655290102389078}