{"f1_harassment": 0.5380802163136549, "loss": 0.5297383628995255, "accuracy": 0.7492047846536051, "mcc": 0.40974534742109403, "f1_not_harassment": 0.8278757346767422}