{"loss": 0.7115521802568541, "mcc": 0.5789524015045586, "f1_harassment": 0.6666666666666666, "f1_not_harassment": 0.9129898179574205, "accuracy": 0.862001467194451}