{"f1_harassment": 0.5971769815418024, "accuracy": 0.8184487276564958, "mcc": 0.48813672803829083, "f1_not_harassment": 0.8828174352495263, "loss": 0.6556823254944149}