{"f1_harassment": 0.5214187010594197, "accuracy": 0.7457792920240248, "f1_not_harassment": 0.826919873396635, "mcc": 0.38523944030334234, "loss": 0.5374138385006405}