{"loss": 0.9380405040775501, "f1_harassment": 0.5730858468677494, "f1_not_harassment": 0.8858914728682171, "accuracy": 0.8199168061288377, "mcc": 0.46063224068911873}