{"f1_not_harassment": 0.8374875373878365, "mcc": 0.4192211825572864, "f1_harassment": 0.5463821892393321, "accuracy": 0.7607046736899699, "loss": 0.526692017792547}