{"f1_not_harassment": 0.8886471787899387, "loss": 0.6428381583496385, "accuracy": 0.7996085151530491, "f1_harassment": 0.0, "mcc": 0.0}