{"loss": 0.5666213082543847, "f1_harassment": 0.505816894284269, "f1_not_harassment": 0.8423430692270454, "accuracy": 0.7609493523901764}