{"loss": 0.7278170909687917, "f1_harassment": 0.3686131386861314, "f1_not_harassment": 0.5751125665165779, "accuracy": 0.49204795641160576}