{"loss": 0.7374806768566932, "f1_harassment": 0.3701723113487819, "f1_not_harassment": 0.5590682196339434, "accuracy": 0.4812821125252077}