{"loss": 0.6817222517599009, "f1_harassment": 0.37606232294617564, "f1_not_harassment": 0.6706542056074766, "accuracy": 0.5688769260099181}