{"loss": 0.6966419428375492, "f1_harassment": 0.37796327212020037, "f1_not_harassment": 0.6402780459548176, "accuracy": 0.5441644240014851}