{"loss": 0.7163348197937012, "f1_harassment": 0.3404255319148936, "f1_not_harassment": 0.06060606060606061, "accuracy": 0.22499999403953552}