{"f1_harassment": 0.6032097399003874, "loss": 0.3876888696418755, "mcc": 0.4941772234550688, "f1_not_harassment": 0.8873880948641432, "accuracy": 0.8245656964596308}