{"mcc": -0.01148514441575227, "accuracy": 0.8000978708325548, "f1_harassment": 0.0, "f1_not_harassment": 0.8889492999864076, "loss": 0.5139959836490352}