{"mcc": 0.0, "accuracy": 0.1991680948205469, "f1_not_harassment": 0.0, "loss": 0.7053405610716428, "f1_harassment": 0.3321771067129157}