{"f1_harassment": 0.0, "accuracy": 0.8008319014787733, "mcc": 0.0, "loss": 0.5435962239483151, "f1_not_harassment": 0.8894021739130434}