{"loss": 0.6363268583859853, "accuracy": 0.50917543662274, "f1_not_harassment": 0.5950746871215179, "mcc": 0.1599847442503077, "f1_harassment": 0.3770186335403726}